DATE,USEPUINDXD
2014-04-11,24.93000
2014-04-12,66.57000
2014-04-13,91.21000
2014-04-14,160.58000
2014-04-15,46.80000
2014-04-16,44.05000
2014-04-17,25.15000
2014-04-18,51.83000
2014-04-19,51.59000
2014-04-20,83.81000
2014-04-21,61.87000
2014-04-22,51.29000
2014-04-23,58.66000
2014-04-24,51.78000
2014-04-25,62.12000
2014-04-26,80.87000
2014-04-27,68.09000
2014-04-28,86.12000
2014-04-29,64.01000
2014-04-30,35.13000
2014-05-01,70.50000
2014-05-02,52.59000
2014-05-03,41.58000
2014-05-04,187.89000
2014-05-05,82.21000
2014-05-06,98.03000
2014-05-07,52.67000
2014-05-08,125.36000
2014-05-09,55.25000
2014-05-10,57.11000
2014-05-11,54.05000
2014-05-12,77.42000
2014-05-13,87.93000
2014-05-14,89.46000
2014-05-15,64.81000
2014-05-16,83.17000
2014-05-17,18.35000
2014-05-18,45.83000
2014-05-19,53.82000
2014-05-20,69.59000
2014-05-21,64.03000
2014-05-22,33.53000
2014-05-23,80.12000
2014-05-24,43.14000
2014-05-25,61.87000
2014-05-26,32.79000
2014-05-27,50.23000
2014-05-28,123.09000
2014-05-29,35.24000
2014-05-30,66.44000
2014-05-31,62.38000
2014-06-01,83.16000
2014-06-02,75.40000
2014-06-03,225.30000
2014-06-04,46.18000
2014-06-05,49.48000
2014-06-06,40.75000
2014-06-07,79.59000
2014-06-08,178.63000
2014-06-09,66.76000
2014-06-10,52.35000
2014-06-11,125.44000
2014-06-12,100.98000
2014-06-13,47.20000
2014-06-14,57.97000
2014-06-15,48.58000
2014-06-16,55.79000
2014-06-17,20.72000
2014-06-18,59.16000
2014-06-19,81.39000
2014-06-20,57.19000
2014-06-21,80.29000
2014-06-22,48.23000
2014-06-23,107.54000
2014-06-24,58.69000
2014-06-25,54.36000
2014-06-26,22.32000
2014-06-27,24.48000
2014-06-28,13.92000
2014-06-29,61.06000
2014-06-30,43.97000
2014-07-01,94.53000
2014-07-02,85.01000
2014-07-03,41.51000
2014-07-04,52.44000
2014-07-05,79.35000
2014-07-06,124.77000
2014-07-07,61.40000
2014-07-08,28.93000
2014-07-09,49.91000
2014-07-10,48.39000
2014-07-11,50.23000
2014-07-12,75.13000
2014-07-13,134.75000
2014-07-14,124.54000
2014-07-15,116.32000
2014-07-16,131.66000
2014-07-17,72.31000
2014-07-18,77.84000
2014-07-19,88.06000
2014-07-20,44.15000
2014-07-21,67.14000
2014-07-22,56.64000
2014-07-23,49.67000
2014-07-24,36.53000
2014-07-25,34.26000
2014-07-26,56.98000
2014-07-27,62.97000
2014-07-28,49.75000
2014-07-29,44.45000
2014-07-30,117.01000
2014-07-31,87.58000
2014-08-01,53.10000
2014-08-02,92.27000
2014-08-03,91.65000
2014-08-04,131.99000
2014-08-05,80.24000
2014-08-06,32.50000
2014-08-07,41.62000
2014-08-08,61.58000
2014-08-09,34.97000
2014-08-10,36.22000
2014-08-11,94.95000
2014-08-12,18.35000
2014-08-13,18.04000
2014-08-14,29.12000
2014-08-15,74.06000
2014-08-16,71.63000
2014-08-17,51.56000
2014-08-18,34.34000
2014-08-19,40.12000
2014-08-20,23.74000
2014-08-21,24.43000
2014-08-22,65.61000
2014-08-23,143.64000
2014-08-24,52.31000
2014-08-25,54.94000
2014-08-26,32.55000
2014-08-27,40.32000
2014-08-28,44.61000
2014-08-29,30.07000
2014-08-30,27.35000
2014-08-31,31.79000
2014-09-01,102.15000
2014-09-02,79.82000
2014-09-03,38.15000
2014-09-04,29.58000
2014-09-05,32.64000
2014-09-06,42.79000
2014-09-07,75.91000
2014-09-08,23.52000
2014-09-09,65.54000
2014-09-10,66.45000
2014-09-11,43.16000
2014-09-12,49.62000
2014-09-13,54.57000
2014-09-14,63.50000
2014-09-15,132.42000
2014-09-16,34.58000
2014-09-17,40.90000
2014-09-18,26.32000
2014-09-19,31.65000
2014-09-20,83.75000
2014-09-21,66.46000
2014-09-22,124.77000
2014-09-23,102.33000
2014-09-24,46.11000
2014-09-25,40.69000
2014-09-26,49.29000
2014-09-27,45.23000
2014-09-28,64.31000
2014-09-29,41.79000
2014-09-30,41.03000
2014-10-01,58.82000
2014-10-02,30.16000
2014-10-03,103.26000
2014-10-04,54.37000
2014-10-05,84.19000
2014-10-06,135.43000
2014-10-07,89.80000
2014-10-08,43.96000
2014-10-09,53.73000
2014-10-10,49.06000
2014-10-11,70.52000
2014-10-12,70.66000
2014-10-13,42.04000
2014-10-14,62.32000
2014-10-15,68.64000
2014-10-16,86.24000
2014-10-17,49.35000
2014-10-18,66.44000
2014-10-19,77.54000
2014-10-20,45.57000
2014-10-21,61.02000
2014-10-22,69.25000
2014-10-23,45.24000
2014-10-24,43.41000
2014-10-25,45.23000
2014-10-26,109.96000
2014-10-27,68.48000
2014-10-28,72.16000
2014-10-29,57.53000
2014-10-30,37.38000
2014-10-31,103.08000
2014-11-01,28.94000
2014-11-02,61.77000
2014-11-03,64.42000
2014-11-04,58.50000
2014-11-05,72.12000
2014-11-06,56.66000
2014-11-07,26.93000
2014-11-08,52.82000
2014-11-09,71.58000
2014-11-10,45.75000
2014-11-11,36.64000
2014-11-12,49.99000
2014-11-13,40.12000
2014-11-14,29.81000
2014-11-15,57.00000
2014-11-16,76.38000
2014-11-17,151.19000
2014-11-18,56.80000
2014-11-19,48.87000
2014-11-20,51.40000
2014-11-21,58.61000
2014-11-22,102.93000
2014-11-23,76.47000
2014-11-24,78.87000
2014-11-25,60.87000
2014-11-26,27.16000
2014-11-27,92.67000
2014-11-28,38.11000
2014-11-29,30.36000
2014-11-30,41.60000
2014-12-01,37.22000
2014-12-02,68.69000
2014-12-03,76.65000
2014-12-04,49.34000
2014-12-05,63.16000
2014-12-06,76.90000
2014-12-07,61.53000
2014-12-08,53.77000
2014-12-09,58.26000
2014-12-10,39.55000
2014-12-11,36.88000
2014-12-12,42.58000
2014-12-13,63.41000
2014-12-14,90.77000
2014-12-15,32.39000
2014-12-16,56.01000
2014-12-17,99.63000
2014-12-18,105.88000
2014-12-19,42.70000
2014-12-20,93.69000
2014-12-21,126.19000
2014-12-22,81.46000
2014-12-23,41.44000
2014-12-24,26.50000
2014-12-25,48.33000
2014-12-26,58.01000
2014-12-27,26.63000
2014-12-28,109.92000
2014-12-29,108.66000
2014-12-30,50.14000
2014-12-31,127.20000
2015-01-01,137.22000
2015-01-02,93.14000
2015-01-03,79.59000
2015-01-04,163.12000
2015-01-05,90.66000
2015-01-06,85.46000
2015-01-07,57.14000
2015-01-08,59.56000
2015-01-09,44.45000
2015-01-10,90.61000
2015-01-11,110.37000
2015-01-12,99.54000
2015-01-13,68.71000
2015-01-14,82.58000
2015-01-15,88.27000
2015-01-16,50.91000
2015-01-17,78.80000
2015-01-18,131.37000
2015-01-19,72.54000
2015-01-20,74.06000
2015-01-21,43.82000
2015-01-22,85.21000
2015-01-23,82.90000
2015-01-24,75.04000
2015-01-25,87.69000
2015-01-26,54.50000
2015-01-27,55.58000
2015-01-28,77.51000
2015-01-29,32.14000
2015-01-30,65.15000
2015-01-31,82.50000
2015-02-01,66.55000
2015-02-02,79.45000
2015-02-03,65.60000
2015-02-04,67.26000
2015-02-05,115.17000
2015-02-06,59.12000
2015-02-07,48.01000
2015-02-08,75.83000
2015-02-09,87.49000
2015-02-10,83.73000
2015-02-11,50.54000
2015-02-12,26.96000
2015-02-13,54.65000
2015-02-14,56.60000
2015-02-15,67.80000
2015-02-16,37.41000
2015-02-17,50.67000
2015-02-18,37.15000
2015-02-19,102.56000
2015-02-20,35.63000
2015-02-21,50.96000
2015-02-22,62.23000
2015-02-23,76.09000
2015-02-24,128.86000
2015-02-25,74.82000
2015-02-26,74.61000
2015-02-27,116.63000
2015-02-28,70.02000
2015-03-01,90.02000
2015-03-02,91.47000
2015-03-03,37.66000
2015-03-04,89.94000
2015-03-05,69.01000
2015-03-06,47.16000
2015-03-07,72.56000
2015-03-08,70.57000
2015-03-09,63.31000
2015-03-10,85.17000
2015-03-11,44.39000
2015-03-12,33.90000
2015-03-13,52.24000
2015-03-14,39.04000
2015-03-15,36.66000
2015-03-16,53.97000
2015-03-17,37.53000
2015-03-18,78.20000
2015-03-19,52.74000
2015-03-20,56.33000
2015-03-21,39.84000
2015-03-22,67.02000
2015-03-23,108.15000
2015-03-24,34.47000
2015-03-25,52.70000
2015-03-26,46.77000
2015-03-27,61.09000
2015-03-28,68.89000
2015-03-29,87.06000
2015-03-30,74.41000
2015-03-31,88.25000
2015-04-01,85.27000
2015-04-02,27.58000
2015-04-03,69.18000
2015-04-04,123.38000
2015-04-05,106.94000
2015-04-06,56.30000
2015-04-07,77.07000
2015-04-08,55.11000
2015-04-09,43.26000
2015-04-10,41.28000
2015-04-11,55.30000
2015-04-12,109.48000
2015-04-13,77.54000
2015-04-14,66.77000
2015-04-15,310.25000
2015-04-16,49.98000
2015-04-17,43.72000
2015-04-18,34.56000
2015-04-19,58.00000
2015-04-20,51.68000
2015-04-21,46.55000
2015-04-22,36.96000
2015-04-23,33.57000
2015-04-24,42.94000
2015-04-25,56.49000
2015-04-26,85.88000
2015-04-27,35.03000
2015-04-28,30.41000
2015-04-29,30.76000
2015-04-30,39.66000
2015-05-01,37.85000
2015-05-02,39.16000
2015-05-03,40.51000
2015-05-04,27.02000
2015-05-05,30.59000
2015-05-06,42.19000
2015-05-07,79.16000
2015-05-08,81.06000
2015-05-09,80.04000
2015-05-10,100.21000
2015-05-11,106.86000
2015-05-12,86.73000
2015-05-13,86.10000
2015-05-14,49.40000
2015-05-15,65.40000
2015-05-16,45.21000
2015-05-17,78.72000
2015-05-18,65.23000
2015-05-19,45.51000
2015-05-20,56.09000
2015-05-21,58.45000
2015-05-22,65.97000
2015-05-23,108.50000
2015-05-24,71.12000
2015-05-25,41.75000
2015-05-26,56.41000
2015-05-27,49.51000
2015-05-28,87.95000
2015-05-29,39.59000
2015-05-30,40.33000
2015-05-31,86.03000
2015-06-01,33.34000
2015-06-02,71.05000
2015-06-03,31.97000
2015-06-04,80.34000
2015-06-05,40.47000
2015-06-06,63.25000
2015-06-07,99.95000
2015-06-08,150.67000
2015-06-09,65.45000
2015-06-10,34.96000
2015-06-11,40.94000
2015-06-12,47.00000
2015-06-13,52.00000
2015-06-14,62.35000
2015-06-15,52.50000
2015-06-16,40.37000
2015-06-17,50.73000
2015-06-18,78.79000
2015-06-19,86.15000
2015-06-20,139.47000
2015-06-21,55.96000
2015-06-22,64.15000
2015-06-23,66.27000
2015-06-24,27.52000
2015-06-25,47.83000
2015-06-26,79.86000
2015-06-27,48.51000
2015-06-28,98.41000
2015-06-29,78.50000
2015-06-30,122.02000
2015-07-01,90.80000
2015-07-02,44.58000
2015-07-03,41.29000
2015-07-04,69.18000
2015-07-05,65.35000
2015-07-06,100.06000
2015-07-07,85.70000
2015-07-08,62.40000
2015-07-09,98.19000
2015-07-10,94.87000
2015-07-11,190.28000
2015-07-12,90.60000
2015-07-13,79.98000
2015-07-14,68.09000
2015-07-15,62.09000
2015-07-16,72.00000
2015-07-17,42.31000
2015-07-18,66.80000
2015-07-19,338.31000
2015-07-20,46.59000
2015-07-21,71.87000
2015-07-22,43.42000
2015-07-23,45.00000
2015-07-24,60.12000
2015-07-25,25.18000
2015-07-26,56.04000
2015-07-27,35.53000
2015-07-28,38.06000
2015-07-29,53.93000
2015-07-30,35.73000
2015-07-31,29.32000
2015-08-01,39.77000
2015-08-02,108.74000
2015-08-03,88.27000
2015-08-04,53.56000
2015-08-05,43.76000
2015-08-06,21.30000
2015-08-07,3.32000
2015-08-08,44.81000
2015-08-09,82.77000
2015-08-10,82.73000
2015-08-11,65.65000
2015-08-12,38.09000
2015-08-13,35.58000
2015-08-14,55.58000
2015-08-15,76.16000
2015-08-16,46.54000
2015-08-17,26.30000
2015-08-18,60.75000
2015-08-19,83.70000
2015-08-20,35.99000
2015-08-21,80.21000
2015-08-22,91.75000
2015-08-23,80.18000
2015-08-24,152.98000
2015-08-25,177.02000
2015-08-26,87.48000
2015-08-27,61.26000
2015-08-28,93.15000
2015-08-29,164.55000
2015-08-30,160.43000
2015-08-31,113.96000
2015-09-01,92.72000
2015-09-02,93.82000
2015-09-03,57.57000
2015-09-04,144.81000
2015-09-05,171.00000
2015-09-06,98.96000
2015-09-07,119.62000
2015-09-08,69.15000
2015-09-09,46.57000
2015-09-10,67.06000
2015-09-11,89.61000
2015-09-12,99.30000
2015-09-13,181.35000
2015-09-14,88.46000
2015-09-15,100.95000
2015-09-16,67.49000
2015-09-17,71.27000
2015-09-18,77.99000
2015-09-19,104.86000
2015-09-20,88.42000
2015-09-21,87.15000
2015-09-22,87.71000
2015-09-23,64.87000
2015-09-24,41.42000
2015-09-25,44.34000
2015-09-26,87.87000
2015-09-27,82.39000
2015-09-28,41.68000
2015-09-29,65.70000
2015-09-30,77.75000
2015-10-01,69.02000
2015-10-02,64.84000
2015-10-03,46.31000
2015-10-04,87.51000
2015-10-05,48.01000
2015-10-06,110.95000
2015-10-07,49.15000
2015-10-08,26.35000
2015-10-09,78.91000
2015-10-10,111.14000
2015-10-11,93.28000
2015-10-12,112.89000
2015-10-13,33.11000
2015-10-14,59.36000
2015-10-15,35.67000
2015-10-16,51.22000
2015-10-17,49.26000
2015-10-18,66.30000
2015-10-19,51.91000
2015-10-20,27.87000
2015-10-21,83.48000
2015-10-22,52.71000
2015-10-23,51.59000
2015-10-24,87.13000
2015-10-25,66.66000
2015-10-26,75.05000
2015-10-27,74.57000
2015-10-28,112.28000
2015-10-29,77.35000
2015-10-30,38.41000
2015-10-31,46.01000
2015-11-01,93.34000
2015-11-02,32.86000
2015-11-03,72.75000
2015-11-04,45.24000
2015-11-05,33.09000
2015-11-06,78.78000
2015-11-07,102.94000
2015-11-08,93.34000
2015-11-09,60.61000
2015-11-10,44.19000
2015-11-11,44.92000
2015-11-12,20.53000
2015-11-13,33.65000
2015-11-14,54.12000
2015-11-15,87.14000
2015-11-16,91.65000
2015-11-17,63.48000
2015-11-18,68.43000
2015-11-19,43.31000
2015-11-20,48.78000
2015-11-21,26.01000
2015-11-22,51.15000
2015-11-23,13.92000
2015-11-24,28.80000
2015-11-25,20.42000
2015-11-26,95.75000
2015-11-27,45.15000
2015-11-28,44.18000
2015-11-29,64.80000
2015-11-30,61.99000
2015-12-01,48.27000
2015-12-02,47.61000
2015-12-03,38.70000
2015-12-04,34.60000
2015-12-05,44.67000
2015-12-06,74.22000
2015-12-07,50.85000
2015-12-08,43.97000
2015-12-09,57.21000
2015-12-10,64.28000
2015-12-11,110.78000
2015-12-12,61.68000
2015-12-13,89.96000
2015-12-14,56.77000
2015-12-15,78.00000
2015-12-16,85.34000
2015-12-17,100.26000
2015-12-18,86.50000
2015-12-19,63.29000
2015-12-20,55.79000
2015-12-21,79.05000
2015-12-22,77.14000
2015-12-23,75.23000
2015-12-24,58.39000
2015-12-25,64.23000
2015-12-26,122.65000
2015-12-27,118.36000
2015-12-28,106.39000
2015-12-29,59.15000
2015-12-30,90.42000
2015-12-31,59.74000
2016-01-01,102.81000
2016-01-02,71.43000
2016-01-03,163.65000
2016-01-04,106.94000
2016-01-05,52.80000
2016-01-06,30.40000
2016-01-07,56.40000
2016-01-08,62.21000
2016-01-09,73.93000
2016-01-10,115.76000
2016-01-11,65.10000
2016-01-12,67.32000
2016-01-13,130.12000
2016-01-14,72.92000
2016-01-15,67.14000
2016-01-16,137.85000
2016-01-17,126.15000
2016-01-18,71.03000
2016-01-19,81.90000
2016-01-20,70.19000
2016-01-21,110.20000
2016-01-22,68.43000
2016-01-23,76.65000
2016-01-24,62.13000
2016-01-25,55.72000
2016-01-26,78.09000
2016-01-27,39.01000
2016-01-28,59.62000
2016-01-29,41.51000
2016-01-30,79.82000
2016-01-31,94.57000
2016-02-01,183.20000
2016-02-02,117.91000
2016-02-03,73.51000
2016-02-04,40.73000
2016-02-05,41.41000
2016-02-06,78.95000
2016-02-07,60.29000
2016-02-08,88.26000
2016-02-09,38.40000
2016-02-10,77.84000
2016-02-11,106.25000
2016-02-12,74.63000
2016-02-13,45.01000
2016-02-14,110.80000
2016-02-15,67.33000
2016-02-16,48.57000
2016-02-17,108.64000
2016-02-18,117.33000
2016-02-19,85.85000
2016-02-20,80.64000
2016-02-21,78.42000
2016-02-22,55.88000
2016-02-23,57.33000
2016-02-24,62.26000
2016-02-25,57.50000
2016-02-26,41.87000
2016-02-27,126.51000
2016-02-28,97.94000
2016-02-29,65.74000
2016-03-01,49.35000
2016-03-02,41.64000
2016-03-03,48.60000
2016-03-04,46.74000
2016-03-05,128.08000
2016-03-06,112.51000
2016-03-07,59.99000
2016-03-08,77.42000
2016-03-09,46.99000
2016-03-10,30.22000
2016-03-11,29.26000
2016-03-12,68.49000
2016-03-13,108.23000
2016-03-14,54.04000
2016-03-15,45.63000
2016-03-16,48.66000
2016-03-17,40.06000
2016-03-18,58.48000
2016-03-19,32.84000
2016-03-20,73.89000
2016-03-21,89.85000
2016-03-22,55.17000
2016-03-23,87.98000
2016-03-24,50.15000
2016-03-25,36.39000
2016-03-26,61.36000
2016-03-27,53.45000
2016-03-28,105.86000
2016-03-29,69.82000
2016-03-30,124.96000
2016-03-31,36.42000
2016-04-01,30.46000
2016-04-02,61.05000
2016-04-03,100.09000
2016-04-04,38.89000
2016-04-05,25.71000
2016-04-06,36.17000
2016-04-07,28.90000
2016-04-08,30.25000
2016-04-09,19.81000
2016-04-10,66.30000
2016-04-11,101.11000
2016-04-12,34.46000
2016-04-13,37.74000
2016-04-14,21.42000
2016-04-15,52.17000
2016-04-16,82.72000
2016-04-17,127.30000
2016-04-18,63.08000
2016-04-19,20.66000
2016-04-20,41.30000
2016-04-21,34.27000
2016-04-22,112.29000
2016-04-23,77.26000
2016-04-24,57.80000
2016-04-25,59.83000
2016-04-26,49.42000
2016-04-27,42.37000
2016-04-28,20.30000
2016-04-29,54.91000
2016-04-30,45.03000
2016-05-01,61.59000
2016-05-02,72.72000
2016-05-03,45.40000
2016-05-04,44.10000
2016-05-05,34.04000
2016-05-06,31.30000
2016-05-07,46.71000
2016-05-08,57.56000
2016-05-09,59.73000
2016-05-10,62.97000
2016-05-11,54.40000
2016-05-12,50.82000
2016-05-13,59.77000
2016-05-14,31.04000
2016-05-15,99.03000
2016-05-16,82.79000
2016-05-17,51.62000
2016-05-18,32.08000
2016-05-19,58.53000
2016-05-20,25.94000
2016-05-21,54.62000
2016-05-22,113.01000
2016-05-23,141.68000
2016-05-24,66.06000
2016-05-25,51.51000
2016-05-26,23.07000
2016-05-27,19.22000
2016-05-28,41.02000
2016-05-29,54.25000
2016-05-30,35.86000
2016-05-31,48.19000
2016-06-01,48.39000
2016-06-02,44.41000
2016-06-03,54.72000
2016-06-04,130.56000
2016-06-05,151.85000
2016-06-06,136.57000
2016-06-07,127.93000
2016-06-08,46.41000
2016-06-09,49.67000
2016-06-10,70.69000
2016-06-11,71.81000
2016-06-12,64.97000
2016-06-13,60.21000
2016-06-14,83.69000
2016-06-15,79.47000
2016-06-16,109.07000
2016-06-17,71.03000
2016-06-18,91.09000
2016-06-19,54.65000
2016-06-20,94.78000
2016-06-21,137.60000
2016-06-22,146.78000
2016-06-23,125.30000
2016-06-24,312.85000
2016-06-25,586.55000
2016-06-26,322.73000
2016-06-27,254.28000
2016-06-28,238.67000
2016-06-29,146.63000
2016-06-30,96.08000
2016-07-01,108.22000
2016-07-02,114.48000
2016-07-03,148.63000
2016-07-04,84.51000
2016-07-05,89.02000
2016-07-06,185.04000
2016-07-07,117.71000
2016-07-08,105.65000
2016-07-09,124.74000
2016-07-10,209.00000
2016-07-11,93.07000
2016-07-12,113.92000
2016-07-13,58.42000
2016-07-14,53.11000
2016-07-15,34.40000
2016-07-16,88.55000
2016-07-17,172.45000
2016-07-18,112.79000
2016-07-19,39.89000
2016-07-20,45.87000
2016-07-21,37.63000
2016-07-22,59.24000
2016-07-23,40.99000
2016-07-24,76.34000
2016-07-25,78.34000
2016-07-26,56.40000
2016-07-27,122.84000
2016-07-28,76.37000
2016-07-29,78.16000
2016-07-30,91.53000
2016-07-31,117.46000
2016-08-01,74.99000
2016-08-02,55.54000
2016-08-03,38.55000
2016-08-04,42.64000
2016-08-05,89.43000
2016-08-06,76.61000
2016-08-07,60.56000
2016-08-08,108.83000
2016-08-09,61.67000
2016-08-10,81.76000
2016-08-11,43.24000
2016-08-12,63.00000
2016-08-13,55.14000
2016-08-14,137.71000
2016-08-15,91.36000
2016-08-16,105.49000
2016-08-17,83.60000
2016-08-18,59.73000
2016-08-19,56.17000
2016-08-20,53.76000
2016-08-21,44.80000
2016-08-22,39.89000
2016-08-23,40.46000
2016-08-24,43.23000
2016-08-25,83.01000
2016-08-26,117.24000
2016-08-27,139.20000
2016-08-28,86.28000
2016-08-29,87.44000
2016-08-30,46.48000
2016-08-31,45.98000
2016-09-01,38.52000
2016-09-02,40.85000
2016-09-03,11.49000
2016-09-04,75.51000
2016-09-05,145.01000
2016-09-06,30.28000
2016-09-07,22.17000
2016-09-08,27.04000
2016-09-09,35.65000
2016-09-10,33.11000
2016-09-11,50.18000
2016-09-12,39.54000
2016-09-13,67.65000
2016-09-14,28.87000
2016-09-15,30.61000
2016-09-16,44.18000
2016-09-17,26.59000
2016-09-18,97.80000
2016-09-19,74.44000
2016-09-20,58.92000
2016-09-21,31.41000
2016-09-22,64.81000
2016-09-23,60.71000
2016-09-24,106.95000
2016-09-25,53.57000
2016-09-26,30.74000
2016-09-27,56.95000
2016-09-28,38.39000
2016-09-29,51.81000
2016-09-30,34.93000
2016-10-01,59.96000
2016-10-02,102.52000
2016-10-03,78.99000
2016-10-04,48.13000
2016-10-05,65.03000
2016-10-06,58.51000
2016-10-07,57.08000
2016-10-08,64.33000
2016-10-09,102.18000
2016-10-10,15.20000
2016-10-11,54.57000
2016-10-12,59.38000
2016-10-13,50.64000
2016-10-14,80.62000
2016-10-15,98.91000
2016-10-16,98.05000
2016-10-17,115.14000
2016-10-18,45.55000
2016-10-19,61.32000
2016-10-20,48.77000
2016-10-21,34.08000
2016-10-22,41.54000
2016-10-23,85.95000
2016-10-24,58.65000
2016-10-25,114.51000
2016-10-26,40.45000
2016-10-27,85.31000
2016-10-28,74.06000
2016-10-29,76.83000
2016-10-30,80.76000
2016-10-31,95.82000
2016-11-01,44.68000
2016-11-02,60.79000
2016-11-03,63.05000
2016-11-04,87.98000
2016-11-05,107.72000
2016-11-06,121.17000
2016-11-07,74.75000
2016-11-08,119.44000
2016-11-09,246.03000
2016-11-10,272.71000
2016-11-11,140.42000
2016-11-12,178.53000
2016-11-13,339.37000
2016-11-14,263.29000
2016-11-15,161.83000
2016-11-16,135.29000
2016-11-17,111.00000
2016-11-18,176.29000
2016-11-19,117.88000
2016-11-20,111.02000
2016-11-21,94.21000
2016-11-22,102.35000
2016-11-23,84.27000
2016-11-24,84.01000
2016-11-25,90.30000
2016-11-26,69.39000
2016-11-27,95.70000
2016-11-28,96.79000
2016-11-29,56.24000
2016-11-30,63.67000
2016-12-01,167.88000
2016-12-02,144.20000
2016-12-03,152.48000
2016-12-04,137.30000
2016-12-05,113.93000
2016-12-06,158.64000
2016-12-07,162.00000
2016-12-08,125.48000
2016-12-09,97.26000
2016-12-10,130.24000
2016-12-11,125.68000
2016-12-12,99.45000
2016-12-13,336.71000
2016-12-14,53.87000
2016-12-15,232.94000
2016-12-16,53.13000
2016-12-17,61.80000
2016-12-18,149.81000
2016-12-19,91.47000
2016-12-20,59.25000
2016-12-21,37.37000
2016-12-22,50.35000
2016-12-23,35.70000
2016-12-24,67.43000
2016-12-25,187.34000
2016-12-26,155.98000
2016-12-27,108.11000
2016-12-28,161.59000
2016-12-29,116.01000
2016-12-30,141.16000
2016-12-31,127.18000
2017-01-01,235.10000
2017-01-02,242.04000
2017-01-03,89.85000
2017-01-04,101.99000
2017-01-05,134.47000
2017-01-06,96.97000
2017-01-07,110.23000
2017-01-08,272.01000
2017-01-09,121.76000
2017-01-10,121.90000
2017-01-11,124.56000
2017-01-12,113.32000
2017-01-13,135.56000
2017-01-14,111.90000
2017-01-15,188.29000
2017-01-16,114.17000
2017-01-17,160.96000
2017-01-18,135.59000
2017-01-19,95.56000
2017-01-20,141.55000
2017-01-21,151.63000
2017-01-22,185.71000
2017-01-23,154.77000
2017-01-24,136.15000
2017-01-25,175.14000
2017-01-26,89.25000
2017-01-27,135.05000
2017-01-28,152.15000
2017-01-29,186.22000
2017-01-30,115.06000
2017-01-31,139.29000
2017-02-01,158.28000
2017-02-02,113.53000
2017-02-03,131.28000
2017-02-04,88.69000
2017-02-05,211.26000
2017-02-06,150.83000
2017-02-07,121.82000
2017-02-08,118.99000
2017-02-09,74.34000
2017-02-10,231.24000
2017-02-11,57.47000
2017-02-12,162.36000
2017-02-13,77.85000
2017-02-14,120.20000
2017-02-15,130.16000
2017-02-16,89.07000
2017-02-17,143.29000
2017-02-18,87.44000
2017-02-19,123.54000
2017-02-20,66.08000
2017-02-21,87.54000
2017-02-22,226.71000
2017-02-23,84.74000
2017-02-24,99.00000
2017-02-25,35.04000
2017-02-26,121.60000
2017-02-27,117.37000
2017-02-28,114.25000
2017-03-01,111.90000
2017-03-02,125.27000
2017-03-03,88.91000
2017-03-04,89.26000
2017-03-05,128.58000
2017-03-06,104.29000
2017-03-07,71.17000
2017-03-08,124.51000
2017-03-09,95.37000
2017-03-10,81.65000
2017-03-11,107.41000
2017-03-12,167.79000
2017-03-13,56.50000
2017-03-14,122.30000
2017-03-15,159.48000
2017-03-16,91.44000
2017-03-17,152.01000
2017-03-18,91.27000
2017-03-19,153.52000
2017-03-20,161.69000
2017-03-21,184.47000
2017-03-22,65.80000
2017-03-23,48.67000
2017-03-24,106.37000
2017-03-25,103.58000
2017-03-26,152.82000
2017-03-27,83.12000
2017-03-28,89.73000
2017-03-29,66.64000
2017-03-30,91.55000
2017-03-31,221.37000
2017-04-01,208.81000
2017-04-02,164.70000
2017-04-03,115.76000
2017-04-04,103.95000
2017-04-05,75.28000
2017-04-06,82.38000
2017-04-07,67.93000
2017-04-08,81.50000
2017-04-09,90.35000
2017-04-10,118.06000
2017-04-11,41.86000
2017-04-12,79.49000
2017-04-13,59.73000
2017-04-14,116.71000
2017-04-15,74.38000
2017-04-16,119.43000
2017-04-17,119.99000
2017-04-18,71.39000
2017-04-19,93.31000
2017-04-20,55.86000
2017-04-21,124.51000
2017-04-22,106.10000
2017-04-23,171.29000
2017-04-24,144.04000
2017-04-25,58.82000
2017-04-26,70.40000
2017-04-27,63.06000
2017-04-28,62.79000
2017-04-29,74.46000
2017-04-30,224.35000
2017-05-01,97.49000
2017-05-02,89.58000
2017-05-03,86.79000
2017-05-04,184.47000
2017-05-05,72.21000
2017-05-06,107.43000
2017-05-07,170.80000
2017-05-08,113.15000
2017-05-09,84.95000
2017-05-10,67.32000
2017-05-11,49.78000
2017-05-12,129.40000
2017-05-13,88.54000
2017-05-14,59.20000
2017-05-15,169.44000
2017-05-16,118.00000
2017-05-17,62.79000
2017-05-18,89.48000
2017-05-19,87.23000
2017-05-20,54.92000
2017-05-21,119.98000
2017-05-22,83.62000
2017-05-23,64.98000
2017-05-24,76.10000
2017-05-25,51.65000
2017-05-26,62.91000
2017-05-27,54.56000
2017-05-28,96.91000
2017-05-29,50.67000
2017-05-30,45.36000
2017-05-31,168.16000
2017-06-01,100.04000
2017-06-02,61.36000
2017-06-03,91.58000
2017-06-04,125.66000
2017-06-05,274.58000
2017-06-06,85.30000
2017-06-07,46.07000
2017-06-08,33.16000
2017-06-09,65.80000
2017-06-10,67.27000
2017-06-11,149.93000
2017-06-12,98.63000
2017-06-13,144.57000
2017-06-14,48.72000
2017-06-15,67.05000
2017-06-16,80.07000
2017-06-17,91.38000
2017-06-18,147.78000
2017-06-19,75.30000
2017-06-20,93.24000
2017-06-21,90.96000
2017-06-22,93.79000
2017-06-23,135.04000
2017-06-24,80.87000
2017-06-25,92.98000
2017-06-26,44.92000
2017-06-27,93.10000
2017-06-28,95.31000
2017-06-29,65.45000
2017-06-30,111.89000
2017-07-01,129.61000
2017-07-02,168.71000
2017-07-03,101.66000
2017-07-04,57.70000
2017-07-05,57.04000
2017-07-06,76.45000
2017-07-07,160.41000
2017-07-08,107.61000
2017-07-09,120.39000
2017-07-10,92.94000
2017-07-11,85.23000
2017-07-12,70.04000
2017-07-13,73.54000
2017-07-14,90.61000
2017-07-15,49.96000
2017-07-16,147.91000
2017-07-17,92.60000
2017-07-18,88.82000
2017-07-19,51.42000
2017-07-20,100.40000
2017-07-21,73.36000
2017-07-22,64.94000
2017-07-23,134.15000
2017-07-24,305.98000
2017-07-25,162.68000
2017-07-26,80.27000
2017-07-27,40.48000
2017-07-28,45.32000
2017-07-29,74.67000
2017-07-30,126.82000
2017-07-31,80.96000
2017-08-01,70.77000
2017-08-02,57.38000
2017-08-03,61.00000
2017-08-04,63.90000
2017-08-05,91.21000
2017-08-06,94.98000
2017-08-07,96.65000
2017-08-08,56.87000
2017-08-09,62.08000
2017-08-10,66.59000
2017-08-11,41.93000
2017-08-12,134.54000
2017-08-13,105.01000
2017-08-14,88.94000
2017-08-15,86.83000
2017-08-16,47.71000
2017-08-17,56.82000
2017-08-18,60.34000
2017-08-19,121.57000
2017-08-20,89.23000
2017-08-21,60.63000
2017-08-22,74.28000
2017-08-23,69.07000
2017-08-24,42.90000
2017-08-25,72.15000
2017-08-26,49.31000
2017-08-27,101.92000
2017-08-28,80.49000
2017-08-29,81.46000
2017-08-30,42.02000
2017-08-31,43.34000
2017-09-01,57.53000
2017-09-02,61.98000
2017-09-03,102.58000
2017-09-04,78.97000
2017-09-05,142.33000
2017-09-06,198.18000
2017-09-07,88.44000
2017-09-08,68.98000
2017-09-09,71.97000
2017-09-10,93.84000
2017-09-11,94.13000
2017-09-12,59.02000
2017-09-13,71.31000
2017-09-14,120.33000
2017-09-15,72.36000
2017-09-16,46.38000
2017-09-17,121.57000
2017-09-18,68.55000
2017-09-19,58.25000
2017-09-20,52.37000
2017-09-21,55.35000
2017-09-22,63.09000
2017-09-23,77.20000
2017-09-24,118.20000
2017-09-25,105.42000
2017-09-26,58.14000
2017-09-27,63.54000
2017-09-28,103.05000
2017-09-29,107.61000
2017-09-30,44.96000
2017-10-01,67.15000
2017-10-02,75.31000
2017-10-03,52.47000
2017-10-04,48.06000
2017-10-05,40.99000
2017-10-06,85.68000
2017-10-07,35.77000
2017-10-08,89.65000
2017-10-09,42.94000
2017-10-10,74.46000
2017-10-11,60.44000
2017-10-12,37.61000
2017-10-13,63.88000
2017-10-14,61.43000
2017-10-15,65.84000
2017-10-16,98.42000
2017-10-17,49.38000
2017-10-18,100.11000
2017-10-19,82.48000
2017-10-20,62.32000
2017-10-21,59.05000
2017-10-22,108.51000
2017-10-23,136.20000
2017-10-24,37.25000
2017-10-25,60.11000
2017-10-26,114.37000
2017-10-27,87.39000
2017-10-28,58.75000
2017-10-29,105.50000
2017-10-30,64.62000
2017-10-31,50.39000
2017-11-01,66.70000
2017-11-02,85.31000
2017-11-03,103.89000
2017-11-04,63.24000
2017-11-05,120.72000
2017-11-06,92.35000
2017-11-07,100.93000
2017-11-08,67.48000
2017-11-09,65.11000
2017-11-10,56.77000
2017-11-11,61.32000
2017-11-12,170.54000
2017-11-13,134.97000
2017-11-14,107.88000
2017-11-15,58.10000
2017-11-16,83.79000
2017-11-17,98.62000
2017-11-18,52.98000
2017-11-19,119.38000
2017-11-20,79.50000
2017-11-21,199.49000
2017-11-22,52.93000
2017-11-23,61.97000
2017-11-24,34.88000
2017-11-25,48.73000
2017-11-26,105.07000
2017-11-27,31.11000
2017-11-28,206.63000
2017-11-29,103.98000
2017-11-30,101.48000
2017-12-01,86.95000
2017-12-02,93.82000
2017-12-03,87.52000
2017-12-04,101.07000
2017-12-05,95.44000
2017-12-06,57.79000
2017-12-07,40.69000
2017-12-08,63.52000
2017-12-09,129.89000
2017-12-10,87.45000
2017-12-11,81.46000
2017-12-12,66.43000
2017-12-13,52.01000
2017-12-14,32.59000
2017-12-15,104.84000
2017-12-16,95.65000
2017-12-17,141.38000
2017-12-18,94.77000
2017-12-19,82.40000
2017-12-20,57.20000
2017-12-21,92.94000
2017-12-22,72.69000
2017-12-23,133.94000
2017-12-24,158.85000
2017-12-25,101.81000
2017-12-26,106.31000
2017-12-27,58.44000
2017-12-28,63.24000
2017-12-29,146.43000
2017-12-30,45.33000
2017-12-31,174.90000
2018-01-01,178.30000
2018-01-02,111.20000
2018-01-03,52.45000
2018-01-04,243.48000
2018-01-05,108.68000
2018-01-06,83.81000
2018-01-07,164.82000
2018-01-08,77.28000
2018-01-09,157.58000
2018-01-10,89.18000
2018-01-11,111.72000
2018-01-12,107.69000
2018-01-13,171.33000
2018-01-14,176.99000
2018-01-15,272.42000
2018-01-16,61.57000
2018-01-17,61.83000
2018-01-18,115.86000
2018-01-19,88.34000
2018-01-20,85.40000
2018-01-21,132.01000
2018-01-22,110.72000
2018-01-23,74.52000
2018-01-24,93.27000
2018-01-25,77.97000
2018-01-26,110.00000
2018-01-27,109.21000
2018-01-28,105.65000
2018-01-29,85.23000
2018-01-30,68.45000
2018-01-31,71.84000
2018-02-01,49.78000
2018-02-02,61.20000
2018-02-03,44.00000
2018-02-04,145.10000
2018-02-05,145.79000
2018-02-06,92.59000
2018-02-07,58.29000
2018-02-08,89.29000
2018-02-09,82.68000
2018-02-10,138.06000
2018-02-11,145.19000
2018-02-12,80.89000
2018-02-13,104.55000
2018-02-14,107.01000
2018-02-15,88.63000
2018-02-16,80.52000
2018-02-17,63.93000
2018-02-18,103.24000
2018-02-19,53.44000
2018-02-20,80.15000
2018-02-21,95.81000
2018-02-22,50.25000
2018-02-23,55.72000
2018-02-24,42.18000
2018-02-25,126.87000
2018-02-26,68.60000
2018-02-27,52.64000
2018-02-28,46.68000
2018-03-01,69.30000
2018-03-02,39.63000
2018-03-03,34.62000
2018-03-04,98.68000
2018-03-05,148.37000
2018-03-06,133.87000
2018-03-07,87.33000
2018-03-08,57.00000
2018-03-09,132.57000
2018-03-10,67.61000
2018-03-11,170.78000
2018-03-12,107.40000
2018-03-13,54.85000
2018-03-14,79.61000
2018-03-15,43.98000
2018-03-16,110.96000
2018-03-17,132.51000
2018-03-18,83.03000
2018-03-19,74.64000
2018-03-20,79.32000
2018-03-21,55.83000
2018-03-22,57.36000
2018-03-23,66.64000
2018-03-24,53.20000
2018-03-25,61.37000
2018-03-26,89.77000
2018-03-27,22.48000
2018-03-28,26.48000
2018-03-29,16.75000
2018-03-30,44.07000
2018-03-31,67.64000
2018-04-01,111.65000
2018-04-02,167.71000
2018-04-03,88.73000
2018-04-04,52.90000
2018-04-05,109.08000
2018-04-06,70.62000
2018-04-07,106.96000
2018-04-08,151.12000
2018-04-09,275.14000
2018-04-10,56.17000
2018-04-11,79.88000
2018-04-12,190.11000
2018-04-13,141.34000
2018-04-14,71.29000
2018-04-15,84.70000
2018-04-16,65.26000
2018-04-17,65.55000
2018-04-18,71.44000
2018-04-19,46.61000
2018-04-20,47.54000
2018-04-21,19.59000
2018-04-22,70.06000
2018-04-23,66.91000
2018-04-24,35.09000
2018-04-25,108.69000
2018-04-26,68.42000
2018-04-27,25.82000
2018-04-28,57.83000
2018-04-29,65.00000
2018-04-30,86.67000
2018-05-01,101.87000
2018-05-02,95.92000
2018-05-03,57.16000
2018-05-04,38.51000
2018-05-05,175.19000
2018-05-06,122.37000
2018-05-07,96.74000
2018-05-08,100.02000
2018-05-09,62.20000
2018-05-10,74.02000
2018-05-11,78.27000
2018-05-12,115.07000
2018-05-13,71.37000
2018-05-14,127.21000
2018-05-15,42.73000
2018-05-16,50.06000
2018-05-17,74.49000
2018-05-18,129.32000
2018-05-19,118.29000
2018-05-20,57.04000
2018-05-21,87.84000
2018-05-22,92.17000
2018-05-23,171.23000
2018-05-24,48.90000
2018-05-25,102.10000
2018-05-26,45.88000
2018-05-27,75.50000
2018-05-28,49.45000
2018-05-29,50.44000
2018-05-30,135.21000
2018-05-31,77.32000
2018-06-01,109.62000
2018-06-02,110.85000
2018-06-03,56.64000
2018-06-04,80.79000
2018-06-05,36.31000
2018-06-06,37.98000
2018-06-07,55.99000
2018-06-08,112.51000
2018-06-09,152.77000
2018-06-10,170.95000
2018-06-11,138.36000
2018-06-12,235.59000
2018-06-13,137.07000
2018-06-14,96.72000
2018-06-15,68.71000
2018-06-16,82.17000
2018-06-17,105.30000
2018-06-18,79.32000
2018-06-19,165.86000
2018-06-20,222.05000
2018-06-21,71.67000
2018-06-22,80.35000
2018-06-23,40.76000
2018-06-24,85.36000
2018-06-25,63.53000
2018-06-26,218.91000
2018-06-27,39.58000
2018-06-28,89.28000
2018-06-29,54.02000
2018-06-30,114.66000
2018-07-01,136.20000
2018-07-02,80.26000
2018-07-03,119.73000
2018-07-04,87.20000
2018-07-05,80.07000
2018-07-06,184.49000
2018-07-07,121.36000
2018-07-08,164.84000
2018-07-09,110.48000
2018-07-10,81.98000
2018-07-11,40.76000
2018-07-12,84.92000
2018-07-13,74.75000
2018-07-14,54.33000
2018-07-15,146.72000
2018-07-16,89.31000
2018-07-17,58.55000
2018-07-18,75.12000
2018-07-19,55.33000
2018-07-20,132.11000
2018-07-21,108.30000
2018-07-22,156.61000
2018-07-23,78.59000
2018-07-24,77.37000
2018-07-25,57.92000
2018-07-26,104.65000
2018-07-27,61.47000
2018-07-28,99.78000
2018-07-29,117.40000
2018-07-30,153.38000
2018-07-31,91.35000
2018-08-01,57.71000
2018-08-02,117.93000
2018-08-03,87.73000
2018-08-04,107.88000
2018-08-05,141.99000
2018-08-06,112.91000
2018-08-07,72.24000
2018-08-08,56.98000
2018-08-09,69.96000
2018-08-10,76.97000
2018-08-11,44.22000
2018-08-12,109.73000
2018-08-13,88.52000
2018-08-14,55.18000
2018-08-15,20.08000
2018-08-16,30.89000
2018-08-17,62.36000
2018-08-18,96.63000
2018-08-19,96.59000
2018-08-20,45.18000
2018-08-21,81.92000
2018-08-22,38.52000
2018-08-23,89.75000
2018-08-24,80.33000
2018-08-25,139.94000
2018-08-26,96.04000
2018-08-27,108.44000
2018-08-28,165.65000
2018-08-29,92.96000
2018-08-30,90.46000
2018-08-31,121.46000
2018-09-01,46.12000
2018-09-02,98.80000
2018-09-03,115.11000
2018-09-04,74.36000
2018-09-05,37.66000
2018-09-06,68.50000
2018-09-07,67.90000
2018-09-08,89.41000
2018-09-09,92.74000
2018-09-10,47.25000
2018-09-11,49.37000
2018-09-12,40.31000
2018-09-13,29.73000
2018-09-14,36.10000
2018-09-15,62.01000
2018-09-16,103.72000
2018-09-17,100.71000
2018-09-18,71.72000
2018-09-19,74.06000
2018-09-20,54.24000
2018-09-21,88.17000
2018-09-22,74.22000
2018-09-23,124.25000
2018-09-24,89.13000
2018-09-25,55.65000
2018-09-26,37.16000
2018-09-27,22.95000
2018-09-28,52.38000
2018-09-29,33.38000
2018-09-30,83.77000
2018-10-01,166.69000
2018-10-02,130.93000
2018-10-03,107.49000
2018-10-04,119.36000
2018-10-05,66.64000
2018-10-06,66.47000
2018-10-07,197.77000
2018-10-08,112.49000
2018-10-09,31.39000
2018-10-10,58.99000
2018-10-11,68.38000
2018-10-12,103.11000
2018-10-13,70.22000
2018-10-14,92.58000
2018-10-15,85.80000
2018-10-16,109.71000
2018-10-17,77.94000
2018-10-18,100.13000
2018-10-19,70.30000
2018-10-20,61.88000
2018-10-21,118.94000
2018-10-22,89.49000
2018-10-23,52.04000
2018-10-24,73.60000
2018-10-25,89.53000
2018-10-26,65.53000
2018-10-27,79.20000
2018-10-28,136.61000
2018-10-29,64.23000
2018-10-30,51.28000
2018-10-31,79.07000
2018-11-01,84.17000
2018-11-02,82.99000
2018-11-03,77.39000
2018-11-04,223.53000
2018-11-05,90.47000
2018-11-06,148.95000
2018-11-07,61.17000
2018-11-08,51.63000
2018-11-09,41.01000
2018-11-10,54.44000
2018-11-11,64.34000
2018-11-12,42.33000
2018-11-13,64.87000
2018-11-14,53.94000
2018-11-15,55.04000
2018-11-16,30.47000
2018-11-17,34.95000
2018-11-18,90.25000
2018-11-19,10.92000
2018-11-20,29.26000
2018-11-21,46.86000
2018-11-22,21.81000
2018-11-23,24.17000
2018-11-24,49.06000
2018-11-25,168.06000
2018-11-26,168.44000
2018-11-27,93.08000
2018-11-28,100.92000
2018-11-29,183.21000
2018-11-30,136.43000
2018-12-01,142.31000
2018-12-02,167.46000
2018-12-03,158.49000
2018-12-04,109.29000
2018-12-05,83.26000
2018-12-06,110.19000
2018-12-07,101.45000
2018-12-08,123.21000
2018-12-09,130.49000
2018-12-10,71.08000
2018-12-11,88.44000
2018-12-12,57.97000
2018-12-13,121.67000
2018-12-14,86.56000
2018-12-15,90.26000
2018-12-16,186.66000
2018-12-17,101.75000
2018-12-18,103.24000
2018-12-19,114.17000
2018-12-20,79.38000
2018-12-21,144.91000
2018-12-22,10.92000
2018-12-23,261.36000
2018-12-24,141.79000
2018-12-25,171.11000
2018-12-26,198.19000
2018-12-27,161.10000
2018-12-28,156.65000
2018-12-29,116.81000
2018-12-30,213.53000
2018-12-31,149.82000
2019-01-01,204.03000
2019-01-02,146.97000
2019-01-03,212.58000
2019-01-04,153.15000
2019-01-05,4.70000
2019-01-06,230.39000
2019-01-07,148.61000
2019-01-08,259.25000
2019-01-09,120.42000
2019-01-10,148.84000
2019-01-11,170.68000
2019-01-12,175.61000
2019-01-13,120.96000
2019-01-14,223.58000
2019-01-15,104.39000
2019-01-16,173.46000
2019-01-17,168.92000
2019-01-18,154.17000
2019-01-19,109.00000
2019-01-20,178.48000
2019-01-21,216.29000
2019-01-22,107.95000
2019-01-23,88.26000
2019-01-24,106.06000
2019-01-25,105.17000
2019-01-26,107.16000
2019-01-27,218.94000
2019-01-28,73.71000
2019-01-29,62.53000
2019-01-30,123.71000
2019-01-31,126.24000
2019-02-01,95.81000
2019-02-02,82.06000
2019-02-03,134.38000
2019-02-04,216.31000
2019-02-05,87.75000
2019-02-06,145.25000
2019-02-07,93.79000
2019-02-08,76.81000
2019-02-09,49.63000
2019-02-10,95.37000
2019-02-11,59.53000
2019-02-12,45.91000
2019-02-13,93.04000
2019-02-14,35.99000
2019-02-15,55.54000
2019-02-16,27.08000
2019-02-17,73.21000
2019-02-18,57.35000
2019-02-19,79.79000
2019-02-20,65.40000
2019-02-21,87.47000
2019-02-22,115.33000
2019-02-23,93.13000
2019-02-24,89.26000
2019-02-25,84.04000
2019-02-26,68.55000
2019-02-27,129.01000
2019-02-28,125.62000
2019-03-01,111.04000
2019-03-02,119.00000
2019-03-03,101.60000
2019-03-04,71.24000
2019-03-05,138.85000
2019-03-06,78.92000
2019-03-07,139.91000
2019-03-08,82.21000
2019-03-09,63.63000
2019-03-10,140.15000
2019-03-11,162.11000
2019-03-12,93.71000
2019-03-13,81.89000
2019-03-14,56.86000
2019-03-15,66.98000
2019-03-16,65.80000
2019-03-17,102.25000
2019-03-18,77.80000
2019-03-19,83.39000
2019-03-20,74.27000
2019-03-21,89.92000
2019-03-22,84.81000
2019-03-23,103.00000
2019-03-24,128.87000
2019-03-25,69.93000
2019-03-26,78.92000
2019-03-27,93.98000
2019-03-28,54.58000
2019-03-29,93.62000
2019-03-30,98.56000
2019-03-31,136.65000
2019-04-01,115.60000
2019-04-02,110.20000
2019-04-03,62.42000
2019-04-04,67.85000
2019-04-05,53.46000
2019-04-06,116.94000
2019-04-07,116.65000
2019-04-08,63.59000
2019-04-09,53.89000
2019-04-10,32.36000
2019-04-11,62.48000
